bom_id,product_id,part_id,quantity,revision,effective_date
BOM-001,PROD-ALPHA,PART-1048,1,R4,2026-01-01
BOM-002,PROD-ALPHA,PART-3300,1,R4,2026-01-01
BOM-003,PROD-ALPHA,PART-5520,1,R4,2026-01-01
BOM-004,PROD-BETA,PART-1048,1,R7,2026-03-15
BOM-005,PROD-BETA,PART-2091,2,R7,2026-03-15
BOM-006,PROD-BETA,PART-4110,1,R7,2026-03-15
BOM-007,PROD-GAMMA,PART-2091,1,R2,2026-02-01
BOM-008,PROD-GAMMA,PART-4110,1,R2,2026-02-01
BOM-009,PROD-GAMMA,PART-3300,1,R2,2026-02-01
BOM-010,PROD-DELTA,PART-3300,1,R1,2026-04-01
BOM-011,PROD-DELTA,PART-5520,1,R1,2026-04-01
