inventory_id,plant_id,part_id,on_hand_qty,allocated_qty,available_qty,coverage_days,last_updated
INV-001,PLANT-STL,PART-1048,1280,320,960,12,2026-08-05
INV-002,PLANT-DAL,PART-1048,760,120,640,8,2026-08-05
INV-003,PLANT-CLE,PART-1048,1440,160,1280,16,2026-08-05
INV-004,PLANT-STL,PART-2091,1260,240,1020,21,2026-08-05
INV-005,PLANT-DAL,PART-2091,1800,120,1680,28,2026-08-05
INV-006,PLANT-CLE,PART-2091,1200,120,1080,18,2026-08-05
INV-007,PLANT-STL,PART-3300,3200,400,2800,35,2026-08-05
INV-008,PLANT-DAL,PART-4110,1600,240,1360,34,2026-08-05
INV-009,PLANT-CLE,PART-4110,1280,160,1120,28,2026-08-05
INV-010,PLANT-STL,PART-5520,4800,600,4200,35,2026-08-05
